<?xml version="1.0" encoding="UTF-8"?>
<project-private xmlns="http://www.netbeans.org/ns/project-private/1">
    <editor-bookmarks xmlns="http://www.netbeans.org/ns/editor-bookmarks/2" lastBookmarkId="0"/>
    <open-files xmlns="http://www.netbeans.org/ns/projectui-open-files/2">
        <group>
            <file>file:/C:/Users/Barbosa/Documents/GitHub/LI3_Java/src/Classes/Main.java</file>
            <file>file:/C:/Users/Barbosa/Documents/GitHub/LI3_Java/src/Ficheiros/FichProdutos.txt</file>
            <file>file:/C:/Users/Barbosa/Documents/GitHub/LI3_Java/src/Ficheiros/Compras.txt</file>
            <file>file:/C:/Users/Barbosa/Documents/GitHub/LI3_Java/src/Ficheiros/FichClientes.txt</file>
            <file>file:/C:/Users/Barbosa/Documents/GitHub/LI3_Java/src/Classes/Hipermercado.java</file>
            <file>file:/C:/Users/Barbosa/Documents/GitHub/LI3_Java/src/Classes/Menus.java</file>
        </group>
    </open-files>
</project-private>
